{
    "color_camera": {
        "extrinsics": {
            "position": {
                "x": 1.59727,
                "y": 1.637077,
                "z": -0.4069157
            },
            "rotation": {
                "x": 0.01400283,
                "y": -0.8053052,
                "z": 0.007183319,
                "w": 0.5926517
            }
        },
        "intrinsics": {
            "width": 640,
            "height": 480,
            "fov": 74.32295,
            "focalLength": {
                "fx": 507.2464,
                "fy": 507.0436
            },
            "principalPoint": {
                "cx": 320.4212,
                "cy": 243.1333
            }
        }
    },
    "depth_camera": {
        "intrinsics": {
            "width": 544,
            "height": 480,
            "fov": 88.79827,
            "focalLength": {
                "fx": 365.8071,
                "fy": 365.8071
            },
            "principalPoint": {
                "cx": 265.4023,
                "cy": 240.5803
            }
        },
        "width": 544,
        "height": 480,
        "min_depth": -0.004859924,
        "max_depth": 7.460938
    }
}