{
    "color_camera": {
        "extrinsics": {
            "position": {
                "x": -1.142927,
                "y": 1.622915,
                "z": 0.05219826
            },
            "rotation": {
                "x": -0.02641848,
                "y": -0.8646765,
                "z": 0.003031154,
                "w": -0.5016248
            }
        },
        "intrinsics": {
            "width": 640,
            "height": 480,
            "fov": 74.32295,
            "focalLength": {
                "fx": 507.199,
                "fy": 506.9977
            },
            "principalPoint": {
                "cx": 320.4212,
                "cy": 243.1333
            }
        }
    },
    "depth_camera": {
        "intrinsics": {
            "width": 544,
            "height": 480,
            "fov": 88.79827,
            "focalLength": {
                "fx": 365.8071,
                "fy": 365.8071
            },
            "principalPoint": {
                "cx": 265.4023,
                "cy": 240.5803
            }
        },
        "width": 544,
        "height": 480,
        "min_depth": -0.002429962,
        "max_depth": 7.460938
    }
}